"","year","month","day","row_plant","variety","Obs","HHMMSS","FTime","Photo","Cond","Ci","Trmmol","VpdL","Area","StmRat","BLCond","Tair","Tleaf","TBlk","CO2R","CO2S","H2OR","H2OS","RH_R","RH_S","Flow","PARi","PARo","Press","CsMch","HsMch","StableF","Status","unique"
"1",2015,4,24,"44.1","Ruby_Seedless",3,13:17:49,39.5,15.6,0.183,229,2.56,1.46,6,1,2.84,25.12,25.83,25.02,400.06,380.16,15.514,18.524,49.03,58.55,500.2,1799,1909,101.2,0.243,-1.44,0.7,111115,"44.1_4_24"
"2",2015,4,24,"44.1","Ruby_Seedless",4,13:17:59,50,15.5,0.19,234,2.63,1.46,6,1,2.84,25.12,25.82,25.02,399.99,380.16,15.489,18.583,48.96,58.74,500.2,1800,1929,101.2,0.243,-1.44,1,111115,"44.1_4_24"
"3",2015,4,24,"44.1","Ruby_Seedless",5,13:18:09,60.5,15.3,0.194,239,2.68,1.45,6,1,2.84,25.11,25.8,25.02,399.88,380.25,15.448,18.597,48.86,58.82,500.2,1800,1833,101.2,0.243,-1.44,1,111115,"44.1_4_24"
"4",2015,4,24,"44.1","Ruby_Seedless",6,13:18:20,71,15.4,0.196,240,2.71,1.46,6,1,2.84,25.11,25.83,25.02,399.89,380.19,15.405,18.594,48.72,58.81,500.2,1801,1886,101.2,0.243,-1.44,1,111115,"44.1_4_24"
"5",2015,4,24,"12.5","Chardonnay",3,13:26:49,36,12.5,0.109,186,1.94,1.82,6,1,2.84,25.36,27.12,25.02,400.39,384.52,15.324,17.607,47.75,54.86,500.2,1799,1776,101.2,0.0146,-1.25,0.7,111115,"12.5_4_24"
"6",2015,4,24,"12.5","Chardonnay",4,13:27:00,46.5,12.3,0.11,191,1.96,1.83,6,1,2.84,25.36,27.16,25.02,400.27,384.62,15.324,17.633,47.75,54.95,500.2,1798,1770,101.2,0.0146,-1.25,1,111115,"12.5_4_24"
"7",2015,4,24,"12.5","Chardonnay",5,13:27:10,56.5,12.3,0.109,190,1.94,1.83,6,1,2.84,25.35,27.14,25.02,400.41,384.78,15.319,17.608,47.76,54.9,500.3,1800,1766,101.2,0.0146,-1.25,1,111115,"12.5_4_24"
"8",2015,4,24,"12.5","Chardonnay",6,13:27:20,67,12.1,0.108,191,1.92,1.83,6,1,2.84,25.35,27.15,25.02,400.38,385.04,15.317,17.585,47.77,54.84,500.3,1800,1773,101.2,0.0146,-1.25,0.7,111115,"12.5_4_24"
"9",2015,4,24,"12.5","Chardonnay",7,13:27:30,77,12,0.105,189,1.89,1.84,6,1,2.84,25.35,27.17,25.02,400.39,385.17,15.319,17.551,47.76,54.72,500.2,1800,1779,101.2,0.0146,-1.25,1,111115,"12.5_4_24"
"10",2015,4,24,"12.3","Auxerrois",3,13:22:47,38,11.5,0.0776,135,1.39,1.82,6,1,2.84,25.39,26.85,25.02,400.13,385.67,15.401,17.046,47.91,53.03,500.1,1800,1884,101.2,0.243,-1.44,0.7,111115,"12.3_4_24"
"11",2015,4,24,"12.3","Auxerrois",4,13:22:58,48.5,11.7,0.0819,144,1.47,1.82,6,1,2.84,25.4,26.89,25.02,400.34,385.66,15.416,17.149,47.93,53.31,500.2,1799,1884,101.2,0.243,-1.44,1,111115,"12.3_4_24"
"12",2015,4,24,"12.3","Auxerrois",5,13:23:08,59,11.6,0.0837,150,1.5,1.82,6,1,2.84,25.41,26.93,25.02,400.26,385.61,15.421,17.195,47.9,53.41,500.1,1799,1884,101.2,0.243,-1.44,1,111115,"12.3_4_24"
"13",2015,4,24,"12.3","Auxerrois",6,13:23:19,69.5,11.4,0.0841,156,1.51,1.83,6,1,2.84,25.43,26.96,25.02,400.28,385.95,15.436,17.221,47.91,53.46,500.2,1800,1881,101.2,0.243,-1.44,1,111115,"12.3_4_24"
"14",2015,4,24,"12.3","Auxerrois",7,13:23:29,80,11.3,0.0841,157,1.52,1.83,6,1,2.84,25.43,26.99,25.02,400.23,385.96,15.457,17.246,47.96,53.51,500.2,1799,1882,101.2,0.243,-1.44,1,111115,"12.3_4_24"
"15",2015,4,24,"12.3","Auxerrois",8,13:23:39,90,7.44,0.0907,243,1.63,1.83,6,1,2.84,25.44,27,25.02,397.18,387.5,15.406,17.324,47.79,53.74,500.2,1799,1879,101.2,0.243,-1.44,0.7,111115,"12.3_4_24"
"16",2015,4,24,"12.3","Auxerrois",9,13:23:50,100.5,11.5,0.0844,154,1.53,1.84,6,1,2.84,25.44,27.03,25.02,400.52,385.99,15.44,17.243,47.89,53.48,500.2,1799,1874,101.2,0.243,-1.44,0.7,111115,"12.3_4_24"
"17",2015,4,23,"44.2","Ruby_Seedless",3,12:54:40,37.5,17,0.25,254,3.22,1.37,6,1,2.84,25.85,27.44,25.02,399.74,377.95,19.023,22.793,57.4,68.78,500.1,1800,1417,100.9,0.876,-1.54,0.3,111115,"44.2_4_23"
"18",2015,4,23,"44.2","Ruby_Seedless",4,12:54:50,48,17.5,0.263,255,3.34,1.36,6,1,2.84,25.86,27.43,25.02,399.95,377.4,18.995,22.912,57.29,69.11,500.2,1800,1418,100.9,0.876,-1.54,0.7,111115,"44.2_4_23"
"19",2015,4,23,"44.2","Ruby_Seedless",5,12:55:00,58,17.2,0.271,261,3.42,1.35,6,1,2.84,25.86,27.45,25.01,399.76,377.56,18.992,22.999,57.28,69.36,500.2,1800,1419,100.9,0.876,-1.54,1,111115,"44.2_4_23"
"20",2015,4,23,"44.2","Ruby_Seedless",6,12:55:11,68,17.2,0.276,262,3.47,1.35,6,1,2.84,25.87,27.47,25.01,399.8,377.53,18.978,23.048,57.22,69.48,500.1,1800,1421,100.9,0.876,-1.54,1,111115,"44.2_4_23"
"21",2015,4,23,"44.2","Ruby_Seedless",7,12:55:21,78.5,17.2,0.282,265,3.53,1.35,6,1,2.84,25.88,27.48,25.02,399.74,377.52,18.963,23.105,57.14,69.62,500.3,1799,1421,100.9,0.876,-1.54,1,111115,"44.2_4_23"
"22",2015,4,23,"42.8","Early_Muscat",3,12:50:20,42,12.9,0.129,211,1.98,1.57,6,1,2.84,25.8,27.74,25.02,400.2,383.81,19.167,21.491,58.04,65.08,500.2,1799,1743,100.9,0.759,-1.51,1,111115,"42.8_4_23"
"23",2015,4,23,"42.8","Early_Muscat",4,12:50:31,52.5,13,0.131,211,2,1.57,6,1,2.84,25.8,27.74,25.02,400.29,383.81,19.152,21.499,57.97,65.07,500.1,1799,1741,100.9,0.759,-1.51,1,111115,"42.8_4_23"
"24",2015,4,23,"42.8","Early_Muscat",5,12:50:41,63,12.8,0.132,215,2.02,1.57,6,1,2.84,25.8,27.74,25.01,400.22,383.9,19.133,21.504,57.91,65.08,500.1,1799,1743,100.9,0.759,-1.51,1,111115,"42.8_4_23"
"25",2015,4,23,"42.8","Early_Muscat",6,12:50:52,73.5,13.1,0.132,211,2.01,1.57,6,1,2.84,25.8,27.74,25.01,400.31,383.68,19.117,21.481,57.88,65.03,500.1,1802,1735,100.9,0.759,-1.51,1,111115,"42.8_4_23"
"26",2015,4,23,"42.8","Early_Muscat",7,12:51:12,93,12.7,0.131,215,2.01,1.58,6,1,2.84,25.8,27.77,25.02,400.31,384.16,19.068,21.433,57.71,64.87,500.2,1808,1759,100.9,0.876,-1.54,0.7,111115,"42.8_4_23"
"27",2015,4,23,"42.8","Early_Muscat",8,12:51:22,103.5,12.6,0.131,217,2.02,1.58,6,1,2.84,25.81,27.77,25.02,400.31,384.26,19.058,21.433,57.66,64.84,500.1,1799,1756,100.9,0.876,-1.54,1,111115,"42.8_4_23"
"28",2015,4,23,"42.8","Early_Muscat",9,12:51:32,113.5,12.7,0.131,215,2.03,1.58,6,1,2.84,25.82,27.76,25.02,400.37,384.18,19.032,21.411,57.56,64.75,500.2,1800,1756,100.9,0.876,-1.54,1,111115,"42.8_4_23"
"29",2015,4,23,"19.10","Syrah",3,11:57:50,51,9.94,0.155,271,2.22,1.48,6,1,2.84,25.29,26.66,25.02,399.42,386.46,17.434,20.045,54.41,62.56,500.2,1799,1547,101,0.153,-1.25,1,111115,"19.10_4_23"
"30",2015,4,23,"19.10","Syrah",4,11:58:01,61.5,9.83,0.158,274,2.26,1.48,6,1,2.84,25.3,26.68,25.02,399.4,386.56,17.441,20.099,54.41,62.7,500.1,1799,1549,101,0.153,-1.25,1,111115,"19.10_4_23"
"31",2015,4,23,"19.10","Syrah",5,11:58:28,88.5,10.4,0.148,261,2.16,1.51,6,1,2.84,25.31,26.73,25.02,399.72,386.26,17.413,19.948,54.29,62.19,500.2,1799,1551,101,0.259,-1.48,0.7,111115,"19.10_4_23"
"32",2015,4,23,"19.10","Syrah",6,11:58:38,99,10.1,0.148,264,2.16,1.51,6,1,2.84,25.31,26.74,25.02,399.58,386.44,17.407,19.949,54.24,62.16,500.1,1799,1550,101,0.259,-1.48,1,111115,"19.10_4_23"
"33",2015,4,23,"19.10","Syrah",7,11:58:48,109,10.2,0.149,264,2.18,1.51,6,1,2.84,25.32,26.74,25.02,399.61,386.38,17.389,19.955,54.18,62.17,500.2,1799,1552,101,0.259,-1.48,1,111115,"19.10_4_23"
"34",2015,4,23,"19.10","Syrah",8,11:58:59,119.5,10.1,0.15,266,2.2,1.51,6,1,2.84,25.32,26.76,25.02,399.66,386.51,17.379,19.965,54.12,62.18,500.1,1799,1553,101,0.259,-1.48,1,111115,"19.10_4_23"
"35",2015,4,21,"12.5","Chardonnay",3,12:37:45,42.5,13.4,0.187,254,2.61,1.47,6,1,2.84,24.65,24.94,25.03,400.18,382.88,13.761,16.841,44.58,54.56,500.2,1799,1273,100.9,5.48,-1.16,0.7,111115,"12.5_4_21"
"36",2015,4,21,"12.5","Chardonnay",4,12:37:56,53,13.5,0.19,255,2.65,1.47,6,1,2.84,24.66,24.96,25.03,400.06,382.62,13.762,16.892,44.56,54.69,500.2,1799,1291,100.9,5.48,-1.16,0.7,111115,"12.5_4_21"
"37",2015,4,21,"12.5","Chardonnay",5,12:38:06,63.5,13.8,0.194,254,2.7,1.46,6,1,2.84,24.66,24.95,25.02,400.18,382.39,13.755,16.933,44.54,54.84,500.2,1800,1274,100.9,5.48,-1.16,0.7,111115,"12.5_4_21"
"38",2015,4,21,"12.5","Chardonnay",6,12:38:17,74,14.1,0.195,253,2.71,1.46,6,1,2.84,24.65,24.94,25.02,400.12,382.02,13.757,16.951,44.57,54.92,500.2,1799,1191,100.9,5.48,-1.16,0.7,111115,"12.5_4_21"
"39",2015,4,21,"12.5","Chardonnay",7,12:38:27,84.5,13.8,0.197,256,2.73,1.46,6,1,2.84,24.65,24.95,25.03,400.09,382.26,13.761,16.978,44.57,54.99,500.3,1800,1254,100.9,5.48,-1.16,1,111115,"12.5_4_21"
"40",2015,4,21,"12.5","Chardonnay",8,12:38:38,95,14.2,0.198,253,2.74,1.46,6,1,2.84,24.65,24.95,25.02,400.17,381.88,13.757,16.987,44.57,55.04,500.3,1800,1248,100.9,5.48,-1.16,1,111115,"12.5_4_21"
"41",2015,4,21,"13.9","Cabernet_franc",3,12:54:23,38,13.3,0.149,226,2.25,1.56,6,1,2.84,24.89,25.32,25.03,399.97,383.01,13.977,16.629,44.63,53.1,500.2,1796,1959,100.9,5.34,-1.05,0.7,111115,"13.9_4_21"
"42",2015,4,21,"13.9","Cabernet_franc",4,12:54:34,48.5,13.1,0.152,231,2.29,1.57,6,1,2.84,24.91,25.38,25.03,399.92,383.16,14.001,16.708,44.65,53.28,500.2,1799,1959,100.9,5.34,-1.05,1,111115,"13.9_4_21"
"43",2015,4,21,"13.9","Cabernet_franc",5,12:54:44,59,13.1,0.155,233,2.33,1.57,6,1,2.84,24.93,25.41,25.03,400.01,383.21,14.026,16.777,44.67,53.43,500.2,1799,1956,100.9,5.34,-1.05,1,111115,"13.9_4_21"
"44",2015,4,21,"13.9","Cabernet_franc",6,12:54:55,69.5,13.2,0.155,232,2.35,1.57,6,1,2.84,24.96,25.45,25.03,399.99,383.02,14.057,16.826,44.71,53.52,500.2,1799,1955,100.9,5.34,-1.05,1,111115,"13.9_4_21"
"45",2015,4,21,"13.9","Cabernet_franc",7,12:55:05,80,13.1,0.157,236,2.37,1.57,6,1,2.84,24.98,25.5,25.03,400.02,383.26,14.08,16.881,44.73,53.62,500.2,1798,1952,100.9,5.34,-1.05,1,111115,"13.9_4_21"
"46",2015,4,21,"13.9","Cabernet_franc",8,12:55:16,90.5,13.1,0.157,235,2.38,1.58,6,1,2.84,25,25.53,25.03,400.06,383.22,14.105,16.914,44.76,53.67,500.3,1800,1902,100.9,5.34,-1.05,1,111115,"13.9_4_21"
"47",2015,4,21,"26.5","Sangiovese",3,11:58:44,47,11.8,0.167,257,2.87,1.79,6,1,2.84,24.99,25.69,25.03,399.7,384.26,11.69,15.084,37.12,47.9,500.2,1799,1520,100.9,5.54,-0.436,1,111115,"26.5_4_21"
"48",2015,4,21,"26.5","Sangiovese",4,11:58:55,57.5,11.9,0.169,257,2.89,1.78,6,1,2.84,24.96,25.65,25.03,399.68,384.12,11.684,15.095,37.16,48.01,500.2,1800,1529,100.9,5.54,-0.436,1,111115,"26.5_4_21"
"49",2015,4,21,"26.5","Sangiovese",5,11:59:05,68,12,0.17,256,2.9,1.78,6,1,2.84,24.94,25.63,25.02,399.8,384.04,11.673,15.098,37.18,48.08,500.2,1800,1527,100.9,5.54,-0.436,1,111115,"26.5_4_21"
"50",2015,4,21,"26.5","Sangiovese",6,11:59:15,78,11.7,0.171,260,2.91,1.77,6,1,2.84,24.93,25.61,25.02,399.59,384.18,11.668,15.107,37.19,48.15,500.1,1800,1529,100.9,5.54,-0.436,0.7,111115,"26.5_4_21"
"51",2015,4,21,"34.7","Palomino",3,12:03:41,39.5,16.6,0.35,287,4.36,1.38,6,1,2.84,24.76,24.81,25.03,400.07,378.13,12.343,17.486,39.74,56.29,500.1,1799,1269,100.9,5.54,-0.436,1,111115,"34.7_4_21"
"52",2015,4,21,"34.7","Palomino",4,12:03:52,50,16.7,0.354,287,4.42,1.38,6,1,2.84,24.77,24.86,25.03,400.06,378.08,12.344,17.549,39.7,56.45,500.3,1799,1265,100.9,5.54,-0.436,1,111115,"34.7_4_21"
"53",2015,4,21,"34.7","Palomino",5,12:04:02,60,16.8,0.357,287,4.45,1.38,6,1,2.84,24.79,24.88,25.03,400.09,377.93,12.372,17.612,39.77,56.61,500.2,1799,1260,100.9,5.54,-0.436,1,111115,"34.7_4_21"
"54",2015,4,21,"34.7","Palomino",6,12:04:12,70.5,16.6,0.358,289,4.45,1.38,6,1,2.84,24.8,24.91,25.03,400.13,378.18,12.427,17.675,39.91,56.76,500.2,1799,1261,100.9,5.54,-0.436,0.7,111115,"34.7_4_21"
"55",2015,4,21,"34.7","Palomino",7,12:04:34,93,16.8,0.311,277,4.08,1.43,6,1,2.84,24.83,24.95,25.03,400.27,378.32,12.429,17.233,39.86,55.26,500.4,1797,1267,100.9,5.32,-0.99,0.7,111115,"34.7_4_21"
"56",2015,4,21,"34.7","Palomino",8,12:04:44,103,17.2,0.31,273,4.06,1.43,6,1,2.84,24.82,24.94,25.03,400.24,377.79,12.438,17.223,39.89,55.24,500.1,1801,1267,100.9,5.32,-0.99,1,111115,"34.7_4_21"
"57",2015,4,21,"34.7","Palomino",9,12:04:55,113.5,17,0.312,275,4.08,1.43,6,1,2.84,24.81,24.93,25.02,400.06,377.77,12.434,17.241,39.91,55.34,500.1,1801,1268,100.9,5.32,-0.99,1,111115,"34.7_4_21"
"58",2015,4,21,"20.5","Gewurtztraminer",3,13:34:01,38.5,15.8,0.318,285,3.92,1.35,6,1,2.84,24.97,25.42,25.02,400.39,379.64,14.385,18.999,45.69,60.34,500.2,1801,141,100.8,5.37,-0.922,1,111115,"20.5_4_21"
"59",2015,4,21,"20.5","Gewurtztraminer",4,13:34:11,48.5,15.7,0.325,287,3.96,1.33,6,1,2.84,24.96,25.39,25.02,400.35,379.67,14.377,19.039,45.71,60.53,500.2,1801,147,100.8,5.37,-0.922,1,111115,"20.5_4_21"
"60",2015,4,21,"20.5","Gewurtztraminer",5,13:34:22,59,15.8,0.329,288,3.98,1.32,6,1,2.84,24.93,25.34,25.02,400.35,379.53,14.37,19.052,45.76,60.67,500.1,1801,201,100.8,5.37,-0.922,1,111115,"20.5_4_21"
"61",2015,4,21,"20.5","Gewurtztraminer",6,13:34:32,69.5,15.7,0.331,289,3.98,1.32,6,1,2.84,24.9,25.3,25.02,400.25,379.59,14.356,19.035,45.8,60.72,500.2,1801,492,100.8,5.37,-0.922,1,111115,"20.5_4_21"
"62",2015,4,21,"20.5","Gewurtztraminer",7,13:34:42,79.5,15.7,0.332,289,3.98,1.31,6,1,2.84,24.88,25.29,25.02,400.34,379.64,14.358,19.04,45.86,60.81,500.2,1800,199,100.8,5.37,-0.922,1,111115,"20.5_4_21"
"63",2015,4,21,"20.5","Gewurtztraminer",8,13:34:53,90,15.8,0.334,289,3.99,1.31,6,1,2.84,24.88,25.28,25.03,400.27,379.53,14.349,19.047,45.82,60.83,500.2,1800,207,100.8,5.37,-0.922,1,111115,"20.5_4_21"
"64",2015,4,21,"20.5","Gewurtztraminer",9,13:35:03,100,15.7,0.336,290,4,1.31,6,1,2.84,24.88,25.27,25.02,400.34,379.66,14.346,19.055,45.82,60.86,500.2,1800,213,100.8,5.37,-0.922,1,111115,"20.5_4_21"
"65",2015,4,21,"40.9","Ruby_Cabernet",3,12:20:15,37,10.3,0.13,247,2.16,1.7,6,1,2.84,24.95,25.84,25.03,400.33,386.98,13.727,16.272,43.68,51.78,500.2,1800,1611,100.9,5.26,-0.942,1,111115,"40.9_4_21"
"66",2015,4,21,"40.9","Ruby_Cabernet",4,12:20:25,47.5,10.2,0.134,251,2.21,1.7,6,1,2.84,24.98,25.89,25.03,400.34,387.04,13.769,16.38,43.75,52.05,500.2,1800,1657,100.9,5.26,-0.942,1,111115,"40.9_4_21"
"67",2015,4,21,"40.9","Ruby_Cabernet",5,12:20:36,58,10.5,0.137,251,2.26,1.7,6,1,2.84,25,25.92,25.03,400.37,386.76,13.768,16.437,43.7,52.17,500.2,1799,1656,100.9,5.26,-0.942,1,111115,"40.9_4_21"
"68",2015,4,21,"40.9","Ruby_Cabernet",6,12:20:54,76.5,10.4,0.14,254,2.31,1.7,6,1,2.84,25.02,25.98,25.02,400.21,386.66,13.788,16.517,43.71,52.36,500.1,1798,1648,100.9,5.2,-0.924,1,111115,"40.9_4_21"
"69",2015,4,21,"40.9","Ruby_Cabernet",7,12:21:05,87,10.5,0.14,254,2.32,1.71,6,1,2.84,25.03,26.03,25.03,400.32,386.71,13.817,16.555,43.76,52.43,500.3,1800,1649,100.9,5.2,-0.924,1,111115,"40.9_4_21"
"70",2015,4,21,"40.9","Ruby_Cabernet",8,12:21:15,97,10.4,0.14,255,2.33,1.71,6,1,2.84,25.05,26.07,25.03,400.36,386.84,13.846,16.595,43.81,52.51,500.3,1800,1653,100.9,5.2,-0.924,1,111115,"40.9_4_21"
"71",2015,6,15,"12.3","Auxerrois",3,11:43:39,88.5,6.49,0.0668,229,0.755,1.13,6,1,2.84,25.71,26.95,25.11,401.28,393.13,23.3,24.185,70.79,73.47,499.7,1800,1382,100.8,-4.61,0.0969,0.7,111115,"12.3_6_15"
"72",2015,6,15,"12.3","Auxerrois",4,11:43:50,99,6.55,0.069,232,0.782,1.13,6,1,2.84,25.73,26.98,25.12,401.47,393.23,23.286,24.202,70.7,73.48,499.7,1799,1383,100.8,-4.61,0.0969,1,111115,"12.3_6_15"
"73",2015,6,15,"12.3","Auxerrois",5,11:44:00,109.5,6.58,0.0691,232,0.788,1.14,6,1,2.84,25.74,27.02,25.1,401.52,393.25,23.289,24.212,70.66,73.47,499.7,1800,1380,100.8,-4.61,0.0969,1,111115,"12.3_6_15"
"74",2015,6,15,"12.3","Auxerrois",6,11:44:11,120,6.51,0.0681,232,0.775,1.14,6,1,2.84,25.73,27.01,25.1,401.66,393.47,23.317,24.226,70.76,73.52,499.7,1801,1383,100.8,-4.61,0.0969,0.7,111115,"12.3_6_15"
"75",2015,6,15,"12.3","Auxerrois",7,11:44:21,130.5,5.86,0.0688,248,0.781,1.14,6,1,2.84,25.73,27,25.1,400.06,392.66,23.329,24.244,70.8,73.57,499.7,1801,1385,100.8,-4.61,0.0969,0.7,111115,"12.3_6_15"
"76",2015,6,15,"12.3","Auxerrois",8,11:44:32,141,6.44,0.0692,234,0.785,1.14,6,1,2.84,25.73,26.99,25.1,400.23,392.12,23.312,24.231,70.76,73.55,499.7,1800,1382,100.8,-4.61,0.0969,0.7,111115,"12.3_6_15"
"77",2015,6,15,"12.3","Auxerrois",9,11:44:52,162,6.24,0.0795,258,0.882,1.12,6,1,2.84,25.73,26.95,25.12,400.5,392.59,23.312,24.346,70.75,73.89,499.7,1799,1386,100.8,-4.23,0.205,0.7,111115,"12.3_6_15"
"78",2015,6,15,"14.1","Cabernet_sauvignon",3,12:10:47,38,12.6,0.117,201,1.2,1.05,6,1,2.84,25.77,27.49,25.11,400.06,384.4,24.724,26.133,74.85,79.12,499.7,1799,1847,100.8,-4.15,0.113,0.3,111115,"14.1_6_15"
"79",2015,6,15,"14.1","Cabernet_sauvignon",4,12:10:57,48.5,12.8,0.134,221,1.34,1.02,6,1,2.84,25.76,27.46,25.1,400.07,384.11,24.745,26.316,74.99,79.75,499.7,1799,1848,100.8,-4.15,0.113,0.3,111115,"14.1_6_15"
"80",2015,6,15,"14.1","Cabernet_sauvignon",5,12:11:08,59,12.9,0.147,232,1.44,1.01,6,1,2.84,25.74,27.43,25.1,400.1,383.97,24.76,26.44,75.1,80.19,499.7,1799,1847,100.8,-4.15,0.113,1,111115,"14.1_6_15"
"81",2015,6,15,"14.1","Cabernet_sauvignon",6,12:11:18,69,12.9,0.157,241,1.51,0.989,6,1,2.84,25.73,27.4,25.1,400,383.86,24.776,26.536,75.18,80.53,499.8,1799,1847,100.8,-4.15,0.113,1,111115,"14.1_6_15"
"82",2015,6,15,"14.1","Cabernet_sauvignon",7,12:11:28,79,13,0.159,242,1.53,0.99,6,1,2.84,25.72,27.41,25.1,400.06,383.7,24.776,26.565,75.23,80.66,499.7,1799,1846,100.8,-4.15,0.113,0.7,111115,"14.1_6_15"
"83",2015,6,15,"14.1","Cabernet_sauvignon",8,12:11:38,89.5,13,0.165,246,1.57,0.982,6,1,2.84,25.72,27.4,25.1,400.03,383.7,24.771,26.605,75.25,80.82,499.7,1799,1846,100.8,-4.15,0.113,1,111115,"14.1_6_15"
"84",2015,6,15,"14.1","Cabernet_sauvignon",9,12:11:49,100,13.1,0.171,250,1.62,0.978,6,1,2.84,25.71,27.39,25.11,400.2,383.74,24.749,26.638,75.2,80.94,499.7,1799,1845,100.8,-4.15,0.113,1,111115,"14.1_6_15"
"85",2015,6,15,"22.7","Furmint",3,12:58:00,40.5,15.7,0.167,216,1.94,1.2,6,1,2.84,26.04,28.63,25.1,399.79,380.07,24.878,27.143,74.12,80.87,499.7,1799,1787,100.8,-4.44,0.402,0.3,111115,"22.7_6_15"
"86",2015,6,15,"22.7","Furmint",4,12:58:10,51,15.7,0.176,224,2.02,1.19,6,1,2.84,26.04,28.62,25.1,399.81,380.02,24.88,27.245,74.13,81.18,499.7,1799,1786,100.8,-4.44,0.402,1,111115,"22.7_6_15"
"87",2015,6,15,"22.7","Furmint",5,12:58:21,61.5,15.9,0.185,228,2.1,1.18,6,1,2.84,26.03,28.63,25.1,399.85,379.75,24.879,27.335,74.15,81.47,499.7,1799,1788,100.8,-4.44,0.402,0.7,111115,"22.7_6_15"
"88",2015,6,15,"22.7","Furmint",6,12:58:31,72,15.9,0.19,232,2.14,1.17,6,1,2.84,26.03,28.61,25.1,399.65,379.59,24.891,27.393,74.2,81.65,499.7,1800,1783,100.8,-4.44,0.402,0.7,111115,"22.7_6_15"
"89",2015,6,15,"22.7","Furmint",7,12:58:59,99,15.6,0.21,247,2.32,1.16,6,1,2.84,26.05,28.65,25.1,399.74,379.94,24.93,27.634,74.22,82.27,499.7,1797,1797,100.8,-4.11,0.508,0.7,111115,"22.7_6_15"
"90",2015,6,15,"22.7","Furmint",8,12:59:09,109,15.7,0.209,246,2.31,1.16,6,1,2.84,26.05,28.65,25.1,399.69,379.73,24.942,27.643,74.28,82.33,499.7,1801,1789,100.8,-4.11,0.508,1,111115,"22.7_6_15"
"91",2015,6,15,"22.7","Furmint",9,12:59:19,119.5,16,0.211,245,2.32,1.15,6,1,2.84,26.04,28.64,25.1,399.87,379.59,24.952,27.66,74.35,82.42,499.7,1801,1789,100.8,-4.11,0.508,0.7,111115,"22.7_6_15"
"92",2015,6,15,"26.5","Sangiovese",3,13:21:25,36.5,18.1,0.257,250,2.55,1.05,6,1,2.84,26.08,28.28,25.1,400.24,377.31,24.861,27.834,73.91,82.74,499.7,1800,1550,100.8,-4.67,0.205,1,111115,"26.5_6_15"
"93",2015,6,15,"26.5","Sangiovese",4,13:21:35,47,18,0.267,255,2.61,1.04,6,1,2.84,26.06,28.26,25.1,400.12,377.29,24.857,27.899,73.94,82.99,499.6,1799,1541,100.8,-4.67,0.205,1,111115,"26.5_6_15"
"94",2015,6,15,"26.5","Sangiovese",5,13:21:46,57.5,18.2,0.274,257,2.65,1.03,6,1,2.84,26.06,28.24,25.1,400.27,377.22,24.848,27.94,73.94,83.14,499.6,1800,1534,100.8,-4.67,0.205,1,111115,"26.5_6_15"
"95",2015,6,15,"26.5","Sangiovese",6,13:21:56,68,18.2,0.28,259,2.68,1.03,6,1,2.84,26.04,28.22,25.09,400.15,377.12,24.828,27.961,73.94,83.27,499.7,1800,1477,100.8,-4.67,0.205,1,111115,"26.5_6_15"
"96",2015,6,15,"26.5","Sangiovese",7,13:22:07,78.5,18.3,0.284,260,2.71,1.02,6,1,2.84,26.04,28.2,25.1,400.19,377.05,24.811,27.97,73.93,83.34,499.7,1800,1557,100.8,-4.67,0.205,1,111115,"26.5_6_15"
"97",2015,6,15,"26.5","Sangiovese",8,13:22:17,89,18.2,0.287,262,2.71,1.01,6,1,2.84,26.03,28.17,25.1,400.18,377.09,24.798,27.965,73.92,83.36,499.7,1800,1504,100.8,-4.67,0.205,1,111115,"26.5_6_15"
"98",2015,6,15,"26.5","Sangiovese",9,13:22:28,99.5,18.2,0.29,262,2.73,1.01,6,1,2.84,26.02,28.15,25.1,400.13,377.02,24.792,27.973,73.93,83.42,499.7,1800,1531,100.8,-4.67,0.205,1,111115,"26.5_6_15"
"99",2015,6,16,"13.10","Cabernet_franc",3,13:10:28,38,18.4,0.283,255,3.79,1.43,6,1,2.84,26.79,29.63,25.1,399.62,375.78,22.658,27.084,64.75,77.4,499.8,1799,2068,101,-5.31,0.348,0.3,111115,"13.10_6_16"
"100",2015,6,16,"13.10","Cabernet_franc",4,13:10:38,48,18.3,0.3,262,3.87,1.39,6,1,2.84,26.78,29.5,25.1,399.64,375.8,22.65,27.202,64.76,77.77,496.5,1799,2068,101,-5.31,0.348,0.7,111115,"13.10_6_16"
"101",2015,6,16,"13.10","Cabernet_franc",5,13:10:49,58.5,18.4,0.299,261,3.98,1.44,6,1,2.84,26.78,29.72,25.1,399.65,375.81,22.633,27.286,64.71,78.01,499.7,1800,2082,101,-5.31,0.348,0.7,111115,"13.10_6_16"
"102",2015,6,16,"13.8","Pinot_noir",3,13:07:40,38.5,17,0.272,263,3.77,1.48,6,1,2.84,26.76,29.79,25.1,400.53,378.44,22.599,26.997,64.7,77.3,499.7,1799,2089,101,-5.31,0.348,0.3,111115,"13.8_6_16"
"103",2015,6,16,"13.8","Pinot_noir",4,13:07:50,48.5,17.3,0.283,265,3.89,1.47,6,1,2.84,26.76,29.82,25.1,400.55,378.05,22.619,27.164,64.76,77.77,499.7,1799,2059,101,-5.31,0.348,0.3,111115,"13.8_6_16"
"104",2015,6,16,"13.8","Pinot_noir",5,13:08:00,58.5,17.4,0.292,266,3.98,1.47,6,1,2.84,26.76,29.84,25.1,400.6,377.86,22.63,27.278,64.78,78.09,499.7,1799,1986,101,-5.31,0.348,0.7,111115,"13.8_6_16"
"105",2015,6,16,"13.8","Pinot_noir",6,13:08:10,69,17.3,0.294,268,4.03,1.48,6,1,2.84,26.76,29.91,25.1,400.45,377.85,22.649,27.358,64.82,78.3,499.8,1799,1902,101,-5.31,0.348,1,111115,"13.8_6_16"
"106",2015,6,16,"13.8","Pinot_noir",7,13:08:21,79.5,17.5,0.297,267,4.09,1.49,6,1,2.84,26.77,29.98,25.1,400.48,377.64,22.647,27.427,64.79,78.47,499.7,1799,1865,101,-5.31,0.348,1,111115,"13.8_6_16"
"107",2015,6,16,"13.8","Pinot_noir",8,13:08:31,90,17.5,0.298,267,4.12,1.49,6,1,2.84,26.77,30.01,25.1,400.6,377.69,22.654,27.462,64.8,78.55,499.8,1799,1954,101,-5.31,0.348,1,111115,"13.8_6_16"
"108",2015,6,16,"13.8","Pinot_noir",9,13:08:42,100.5,17.7,0.3,267,4.16,1.49,6,1,2.84,26.78,30.04,25.1,400.58,377.46,22.656,27.51,64.78,78.65,499.8,1799,1959,101,-5.31,0.348,1,111115,"13.8_6_16"
"109",2015,6,16,"20.2","Valdepenas",3,11:52:05,47,8.63,0.104,244,1.75,1.69,6,1,2.84,26.33,29.45,25.1,399.7,388.53,22.029,24.074,64.72,70.73,499.7,1800,1786,101.1,-4.95,0.178,1,111115,"20.2_6_16"
"110",2015,6,16,"20.2","Valdepenas",4,11:52:16,57.5,8.81,0.105,241,1.75,1.69,6,1,2.84,26.32,29.45,25.1,399.88,388.49,22.042,24.092,64.77,70.79,499.8,1800,1786,101.1,-4.95,0.178,1,111115,"20.2_6_16"
"111",2015,6,16,"20.2","Valdepenas",5,11:52:26,68,8.78,0.105,241,1.75,1.69,6,1,2.84,26.32,29.44,25.1,399.79,388.43,22.03,24.077,64.75,70.76,499.7,1801,1787,101.1,-4.95,0.178,1,111115,"20.2_6_16"
"112",2015,6,16,"20.2","Valdepenas",6,11:52:37,78.5,8.63,0.104,243,1.73,1.69,6,1,2.84,26.31,29.43,25.1,399.77,388.6,22.062,24.092,64.86,70.83,499.7,1801,1789,101.1,-4.95,0.178,0.7,111115,"20.2_6_16"
"113",2015,6,16,"20.2","Valdepenas",7,11:52:47,89,8.7,0.104,242,1.72,1.68,6,1,2.84,26.31,29.4,25.1,399.76,388.5,22.085,24.105,64.94,70.88,499.7,1801,1782,101.1,-4.95,0.178,1,111115,"20.2_6_16"
"114",2015,6,16,"20.2","Valdepenas",8,11:53:53,154.5,8.7,0.105,244,1.74,1.68,6,1,2.84,26.3,29.39,25.1,399.66,388.4,22.078,24.119,64.97,70.97,499.7,1800,1781,101.1,-5.16,0.178,0.7,111115,"20.2_6_16"
"115",2015,6,16,"20.2","Valdepenas",9,11:54:09,171.5,8.67,0.105,244,1.74,1.68,6,1,2.84,26.3,29.39,25.11,399.85,388.62,22.032,24.072,64.82,70.83,499.7,1800,1780,101.1,-5.16,0.178,0.7,111115,"20.2_6_16"
"116",2015,6,16,"34.6","Morrastel",3,12:28:43,38.5,11.1,0.127,233,2.06,1.65,6,1,2.84,26.6,29.49,25.1,400.43,386.16,22.177,24.592,64.1,71.08,499.8,1799,1993,101.1,-5.04,0.36,0.7,111115,"34.6_6_16"
"117",2015,6,16,"34.6","Morrastel",4,12:28:54,49,11.1,0.131,236,2.11,1.64,6,1,2.84,26.6,29.49,25.1,400.39,386.03,22.207,24.675,64.19,71.33,499.8,1799,1992,101.1,-5.04,0.36,0.7,111115,"34.6_6_16"
"118",2015,6,16,"34.6","Morrastel",5,12:29:04,59,11.2,0.134,238,2.14,1.63,6,1,2.84,26.6,29.47,25.1,400.41,385.93,22.225,24.732,64.24,71.48,499.7,1799,1992,101.1,-5.04,0.36,1,111115,"34.6_6_16"
"119",2015,6,16,"34.6","Morrastel",6,12:29:14,69.5,11.3,0.135,238,2.16,1.63,6,1,2.84,26.6,29.47,25.1,400.45,385.86,22.244,24.77,64.3,71.6,499.8,1799,1990,101.1,-5.04,0.36,1,111115,"34.6_6_16"
"120",2015,6,16,"34.6","Morrastel",7,12:29:25,80,11.2,0.137,241,2.17,1.62,6,1,2.84,26.59,29.44,25.1,400.31,385.85,22.262,24.799,64.37,71.71,499.7,1798,1988,101.1,-5.04,0.36,1,111115,"34.6_6_16"
"121",2015,6,16,"34.6","Morrastel",8,12:29:35,90.5,11.3,0.138,241,2.17,1.61,6,1,2.84,26.6,29.42,25.11,400.28,385.71,22.276,24.817,64.4,71.74,499.7,1799,1992,101.1,-5.04,0.36,1,111115,"34.6_6_16"
"122",2015,6,16,"34.6","Morrastel",9,12:29:46,101,11.4,0.138,240,2.18,1.61,6,1,2.84,26.6,29.44,25.1,400.38,385.65,22.284,24.835,64.41,71.78,499.7,1799,1994,101.1,-5.04,0.36,1,111115,"34.6_6_16"
"123",2015,6,17,"13.6","Pinot_meunier",3,12:11:02,36,20,0.4,276,5.4,1.51,6,1,2.84,26.35,28.55,25.1,399.85,373.46,17.564,23.888,51.49,70.04,499.7,1799,1629,101,-4.99,0.119,0.3,111115,"13.6_6_17"
"124",2015,6,17,"13.6","Pinot_meunier",4,12:11:12,46.5,19.9,0.409,278,5.48,1.5,6,1,2.84,26.35,28.56,25.1,399.9,373.52,17.579,23.997,51.55,70.37,499.7,1800,1501,101,-4.99,0.119,1,111115,"13.6_6_17"
"125",2015,6,17,"13.6","Pinot_meunier",5,12:11:22,56.5,20,0.416,279,5.52,1.49,6,1,2.84,26.35,28.56,25.1,399.82,373.29,17.593,24.065,51.6,70.57,499.7,1800,1352,101,-4.99,0.119,1,111115,"13.6_6_17"
"126",2015,6,17,"13.6","Pinot_meunier",6,12:11:33,67,20.1,0.423,280,5.56,1.48,6,1,2.84,26.35,28.53,25.1,399.85,373.2,17.599,24.114,51.61,70.72,499.7,1799,1307,101,-4.99,0.119,0.7,111115,"13.6_6_17"
"127",2015,6,17,"13.6","Pinot_meunier",7,12:11:43,77.5,19.9,0.424,281,5.58,1.48,6,1,2.84,26.34,28.54,25.1,399.73,373.37,17.608,24.142,51.66,70.83,499.7,1800,1316,101,-4.99,0.119,1,111115,"13.6_6_17"
"128",2015,6,17,"13.6","Pinot_meunier",8,12:11:54,88,20.1,0.429,281,5.59,1.47,6,1,2.84,26.34,28.51,25.1,399.79,373.18,17.609,24.158,51.67,70.89,499.7,1800,1265,101,-4.99,0.119,1,111115,"13.6_6_17"
"129",2015,6,17,"13.6","Pinot_meunier",9,12:12:04,98.5,20,0.426,281,5.6,1.48,6,1,2.84,26.35,28.56,25.1,399.77,373.29,17.604,24.171,51.63,70.88,499.7,1800,1204,101,-4.99,0.119,1,111115,"13.6_6_17"
"130",2015,6,17,"15.4","Merlot",3,12:27:10,38,16.6,0.26,258,4.49,1.85,6,1,2.84,26.51,29.46,25.1,400.31,378.29,17.36,22.626,50.42,65.72,499.7,1799,1423,101,-4.84,0.212,0.7,111115,"15.4_6_17"
"131",2015,6,17,"15.4","Merlot",4,12:27:21,48.5,16.9,0.263,258,4.54,1.84,6,1,2.84,26.51,29.47,25.1,400.34,378.03,17.359,22.687,50.41,65.89,499.7,1799,1435,101,-4.84,0.212,0.7,111115,"15.4_6_17"
"132",2015,6,17,"15.4","Merlot",5,12:27:31,59,16.8,0.267,260,4.58,1.84,6,1,2.84,26.52,29.47,25.1,400.32,378.05,17.352,22.728,50.38,65.99,499.7,1799,1435,101,-4.84,0.212,1,111115,"15.4_6_17"
"133",2015,6,17,"15.4","Merlot",6,12:27:42,69.5,17,0.268,259,4.6,1.84,6,1,2.84,26.51,29.47,25.1,400.41,377.93,17.351,22.747,50.39,66.05,499.7,1799,1437,101,-4.84,0.212,1,111115,"15.4_6_17"
"134",2015,6,17,"34.8","Palomino",3,11:37:58,54.5,19.7,0.402,279,5.03,1.4,6,1,2.84,26.06,27.1,25.11,400.18,374.23,15.863,21.77,47.32,64.94,499.7,1801,1326,101,-4.59,0.0977,1,111115,"34.8_6_17"
"135",2015,6,17,"34.8","Palomino",4,11:38:09,64.5,19.8,0.402,279,5.03,1.4,6,1,2.84,26.06,27.1,25.11,400.25,374.24,15.884,21.786,47.38,64.99,499.7,1801,1311,101,-4.59,0.0977,1,111115,"34.8_6_17"
"136",2015,6,19,"12.3","Auxerrois",3,12:10:27,38,13.8,0.204,258,3.53,1.82,6,1,2.84,26.2,28.01,25.11,400.48,382.33,15.406,19.556,45.64,57.93,499.7,1799,1841,101.2,-5.4,0.183,1,111115,"12.3_6_19"
"137",2015,6,19,"12.3","Auxerrois",4,12:10:38,48.5,13.7,0.207,260,3.56,1.82,6,1,2.84,26.2,28.01,25.11,400.49,382.35,15.393,19.581,45.6,58,499.7,1799,1840,101.2,-5.4,0.183,1,111115,"12.3_6_19"
"138",2015,6,19,"12.3","Auxerrois",5,12:10:48,59,13.8,0.209,261,3.58,1.81,6,1,2.84,26.2,27.99,25.1,400.36,382.19,15.382,19.596,45.57,58.05,499.7,1800,1843,101.2,-5.4,0.183,0.7,111115,"12.3_6_19"
"139",2015,6,19,"12.3","Auxerrois",6,12:11:16,86.5,13.4,0.213,266,3.65,1.81,6,1,2.84,26.2,27.99,25.1,400.33,382.57,15.309,19.61,45.37,58.11,499.7,1800,1842,101.2,-5.1,0.214,0.7,111115,"12.3_6_19"
"140",2015,6,19,"12.3","Auxerrois",7,12:11:26,96.5,13.5,0.213,266,3.65,1.81,6,1,2.84,26.2,27.99,25.1,400.49,382.65,15.306,19.605,45.36,58.1,499.7,1800,1844,101.2,-5.1,0.214,1,111115,"12.3_6_19"
"141",2015,6,19,"12.3","Auxerrois",8,12:11:36,107,13.5,0.214,265,3.66,1.81,6,1,2.84,26.2,27.98,25.11,400.56,382.61,15.279,19.59,45.28,58.05,499.7,1800,1841,101.2,-5.1,0.214,1,111115,"12.3_6_19"
"142",2015,6,19,"12.3","Auxerrois",9,12:11:47,117.5,13.5,0.213,265,3.66,1.81,6,1,2.84,26.2,28,25.1,400.48,382.56,15.253,19.563,45.2,57.97,499.7,1800,1845,101.2,-5.1,0.214,1,111115,"12.3_6_19"
"143",2015,6,19,"14.3","Carmenere",3,12:37:36,37,12.8,0.24,281,4.3,1.9,6,1,2.84,26.59,28.75,25.11,399.84,382.45,15.317,20.373,44.34,58.97,499.7,1799,1991,101.2,-5.26,0.122,0.7,111115,"14.3_6_19"
"144",2015,6,19,"14.3","Carmenere",4,12:37:46,47,13.1,0.244,280,4.34,1.89,6,1,2.84,26.59,28.73,25.11,399.83,382.07,15.32,20.425,44.34,59.12,499.7,1799,1993,101.2,-5.26,0.122,0.7,111115,"14.3_6_19"
"145",2015,6,19,"14.3","Carmenere",5,12:37:57,57,13.1,0.245,280,4.35,1.89,6,1,2.84,26.6,28.73,25.1,399.8,382.06,15.325,20.441,44.35,59.16,499.7,1799,1991,101.2,-5.26,0.122,1,111115,"14.3_6_19"
"146",2015,6,19,"14.3","Carmenere",6,12:38:07,67.5,13.4,0.246,278,4.36,1.89,6,1,2.84,26.6,28.73,25.11,399.83,381.69,15.323,20.456,44.35,59.2,499.8,1798,1989,101.2,-5.26,0.122,0.7,111115,"14.3_6_19"
"147",2015,6,19,"14.3","Carmenere",7,12:38:17,78,13.4,0.247,278,4.37,1.89,6,1,2.84,26.6,28.73,25.11,399.77,381.63,15.328,20.465,44.34,59.21,499.7,1800,1990,101.2,-5.26,0.122,1,111115,"14.3_6_19"
"148",2015,6,19,"15.3","Merlot",3,12:40:53,38.5,13.4,0.263,283,4.83,1.96,6,1,2.84,26.56,29.29,25.1,399.64,381.31,15.364,21.037,44.55,61,499.7,1800,1881,101.2,-5.26,0.122,1,111115,"15.3_6_19"
"149",2015,6,19,"15.3","Merlot",4,12:41:04,48.5,13.3,0.267,285,4.87,1.95,6,1,2.84,26.55,29.27,25.1,399.59,381.35,15.356,21.077,44.55,61.16,499.8,1799,1184,101.2,-5.26,0.122,1,111115,"15.3_6_19"
"150",2015,6,19,"15.3","Merlot",5,12:41:27,72.5,13.4,0.273,286,4.94,1.94,6,1,2.84,26.54,29.25,25.1,399.66,381.33,15.312,21.12,44.47,61.35,499.8,1800,1929,101.2,-5.01,0.154,1,111115,"15.3_6_19"
"151",2015,6,19,"15.3","Merlot",6,12:41:38,82.5,13.3,0.275,287,4.96,1.94,6,1,2.84,26.54,29.22,25.1,399.53,381.25,15.3,21.127,44.44,61.37,499.8,1800,1335,101.2,-5.01,0.154,1,111115,"15.3_6_19"
"152",2015,6,19,"34.5","Morrastel",3,11:53:09,38.5,13,0.196,259,3.71,1.99,6,1,2.84,26.26,28.73,25.11,400.09,382.72,15.095,19.459,44.59,57.47,499.7,1799,1895,101.2,-4.92,0.0547,0.7,111115,"34.5_6_19"
"153",2015,6,19,"34.5","Morrastel",4,11:53:19,48.5,13.3,0.198,258,3.74,1.99,6,1,2.84,26.26,28.75,25.11,400.04,382.38,15.114,19.52,44.64,57.65,499.7,1799,1900,101.2,-4.92,0.0547,0.7,111115,"34.5_6_19"
"154",2015,6,19,"34.5","Morrastel",5,11:53:29,58.5,13.3,0.202,260,3.8,1.98,6,1,2.84,26.26,28.75,25.11,400.01,382.35,15.127,19.599,44.67,57.88,499.7,1799,1904,101.2,-4.92,0.0547,1,111115,"34.5_6_19"
"155",2015,6,19,"34.5","Morrastel",6,11:53:39,69.5,13.3,0.201,259,3.79,1.98,6,1,2.84,26.26,28.75,25.1,399.95,382.19,15.146,19.608,44.73,57.9,499.7,1800,1898,101.2,-4.92,0.0547,0.7,111115,"34.5_6_19"
"156",2015,8,4,"22.7","Furmint",3,12:43:15,54.5,16.9,0.289,271,3,1.12,6,1,2.84,25.59,27.26,25.11,400.31,378.64,21.316,24.824,65.51,76.29,499.7,1799,225,101.2,-9.52,0.0524,0.7,111115,"22.7_8_4"
"157",2015,8,4,"22.7","Furmint",4,12:43:25,65,17.3,0.296,270,3.06,1.12,6,1,2.84,25.59,27.27,25.11,400.34,378.13,21.3,24.877,65.48,76.47,499.7,1799,238,101.2,-9.52,0.0524,0.7,111115,"22.7_8_4"
"158",2015,8,4,"22.7","Furmint",5,12:43:35,75,17.7,0.304,270,3.11,1.11,6,1,2.84,25.58,27.25,25.11,400.32,377.67,21.277,24.912,65.43,76.61,499.7,1800,222,101.2,-9.52,0.0524,0.7,111115,"22.7_8_4"
"159",2015,8,4,"22.7","Furmint",6,12:43:46,85.5,18,0.309,270,3.14,1.11,6,1,2.84,25.57,27.24,25.11,400.42,377.39,21.255,24.929,65.39,76.69,499.7,1800,231,101.2,-9.52,0.0524,0.7,111115,"22.7_8_4"
"160",2015,8,4,"22.7","Furmint",7,12:43:56,96,18.2,0.311,269,3.16,1.11,6,1,2.84,25.57,27.23,25.11,400.38,377.06,21.231,24.925,65.34,76.71,499.7,1800,223,101.2,-9.52,0.0524,0.7,111115,"22.7_8_4"
"161",2015,8,4,"22.7","Furmint",8,12:44:07,106.5,18.3,0.313,269,3.17,1.1,6,1,2.84,25.56,27.21,25.11,400.34,376.88,21.207,24.915,65.29,76.7,499.8,1800,245,101.2,-9.52,0.0524,0.7,111115,"22.7_8_4"
"162",2015,8,4,"22.7","Furmint",9,12:44:17,117,18.5,0.314,268,3.17,1.1,6,1,2.84,25.55,27.19,25.11,400.4,376.79,21.188,24.902,65.26,76.69,499.7,1800,236,101.2,-9.52,0.0524,1,111115,"22.7_8_4"
"163",2015,8,4,"34.5","Morrastel",3,13:14:25,54,16,0.188,229,2.39,1.34,6,1,2.84,25.2,26.38,25.12,400.04,379.76,18.088,20.898,56.92,65.76,499.7,1800,171,101.2,-9.57,-0.248,0.7,111115,"34.5_8_4"
"164",2015,8,4,"34.5","Morrastel",4,13:14:35,64.5,16.3,0.193,229,2.45,1.33,6,1,2.84,25.2,26.4,25.12,400.04,379.31,18.068,20.947,56.84,65.9,499.7,1799,144,101.2,-9.57,-0.248,0.7,111115,"34.5_8_4"
"165",2015,8,4,"34.5","Morrastel",5,13:14:46,75,16.6,0.196,229,2.49,1.34,6,1,2.84,25.21,26.43,25.12,400.17,379.1,18.056,20.978,56.79,65.97,499.7,1799,151,101.2,-9.57,-0.248,0.7,111115,"34.5_8_4"
"166",2015,8,4,"34.5","Morrastel",6,13:14:56,85.5,16.6,0.198,230,2.51,1.34,6,1,2.84,25.21,26.43,25.12,400.03,378.92,18.045,20.993,56.74,66.01,499.7,1799,249,101.2,-9.57,-0.248,0.7,111115,"34.5_8_4"
"167",2015,8,4,"34.5","Morrastel",7,13:15:07,96,16.8,0.199,229,2.53,1.34,6,1,2.84,25.21,26.44,25.11,399.98,378.65,18.026,21,56.67,66.02,499.7,1799,271,101.2,-9.57,-0.248,0.7,111115,"34.5_8_4"
"168",2015,8,4,"34.5","Morrastel",8,13:15:17,106.5,17.2,0.199,225,2.53,1.34,6,1,2.84,25.21,26.46,25.11,400.21,378.44,18.015,20.994,56.64,66,499.7,1799,277,101.2,-9.57,-0.248,0.7,111115,"34.5_8_4"
"169",2015,8,4,"34.5","Morrastel",9,13:15:28,117,17.1,0.2,227,2.55,1.34,6,1,2.84,25.21,26.46,25.12,400.08,378.35,17.998,20.996,56.58,66,499.7,1799,266,101.2,-9.57,-0.248,1,111115,"34.5_8_4"
"170",2015,8,5,"12.8","Gamay_noir",3,12:43:41,41,7.32,0.103,264,1.76,1.74,6,1,2.84,26.26,28.99,25.1,400.19,390.58,20.461,22.526,60.53,66.64,499.7,1799,1922,101.4,-10.9,0.109,1,111115,"12.8_8_5"
"171",2015,8,5,"12.8","Gamay_noir",4,12:43:51,51.5,7.36,0.101,261,1.73,1.74,6,1,2.84,26.27,29.03,25.1,400.27,390.62,20.492,22.527,60.6,66.62,499.7,1798,1921,101.4,-10.9,0.109,1,111115,"12.8_8_5"
"172",2015,8,5,"12.8","Gamay_noir",5,12:44:01,61.5,7.26,0.101,263,1.73,1.74,6,1,2.84,26.27,29.02,25.1,400.15,390.62,20.505,22.532,60.62,66.62,499.7,1800,1922,101.4,-10.9,0.109,1,111115,"12.8_8_5"
"173",2015,8,5,"12.8","Gamay_noir",6,12:44:12,72,7.16,0.1,264,1.73,1.75,6,1,2.84,26.28,29.05,25.1,400.14,390.73,20.491,22.52,60.56,66.56,499.7,1799,1920,101.4,-10.9,0.109,1,111115,"12.8_8_5"
"174",2015,8,5,"12.8","Gamay_noir",7,12:44:22,82.5,7.09,0.0993,264,1.72,1.76,6,1,2.84,26.28,29.07,25.1,400.03,390.71,20.479,22.493,60.52,66.48,499.7,1800,1921,101.4,-10.9,0.109,1,111115,"12.8_8_5"
"175",2015,8,5,"12.8","Gamay_noir",8,12:44:33,93,7.17,0.0976,260,1.69,1.76,6,1,2.84,26.28,29.06,25.09,400,390.59,20.499,22.479,60.6,66.45,499.7,1801,1920,101.4,-10.9,0.109,1,111115,"12.8_8_5"
"176",2015,8,5,"12.8","Gamay_noir",9,12:44:43,103.5,7.22,0.0957,257,1.66,1.76,6,1,2.84,26.27,29.08,25.09,400.02,390.57,20.517,22.465,60.67,66.43,499.7,1802,1920,101.4,-10.9,0.109,1,111115,"12.8_8_5"
"177",2015,8,5,"14.4","Carmenere",3,13:01:26,40.5,18.5,0.404,286,4.74,1.31,6,1,2.84,26.46,28.83,25.1,399.97,375.61,20.77,26.316,60.73,76.95,499.7,1799,1851,101.4,-10.9,0.328,1,111115,"14.4_8_5"
"178",2015,8,5,"14.4","Carmenere",4,13:01:36,51,18.6,0.414,287,4.81,1.31,6,1,2.84,26.46,28.84,25.1,400.01,375.46,20.788,26.416,60.77,77.22,499.7,1799,1849,101.4,-10.9,0.328,0.7,111115,"14.4_8_5"
"179",2015,8,5,"14.4","Carmenere",5,13:01:46,61,18.7,0.423,289,4.88,1.3,6,1,2.84,26.47,28.84,25.11,400.01,375.4,20.773,26.482,60.71,77.39,499.7,1799,1848,101.4,-10.9,0.328,1,111115,"14.4_8_5"
"180",2015,8,5,"14.4","Carmenere",6,13:01:57,71.5,18.6,0.427,290,4.93,1.3,6,1,2.84,26.47,28.85,25.09,399.75,375.18,20.744,26.502,60.61,77.44,499.7,1800,1848,101.4,-10.9,0.328,1,111115,"14.4_8_5"
"181",2015,8,5,"14.4","Carmenere",7,13:02:07,82,18.6,0.43,290,4.95,1.3,6,1,2.84,26.46,28.84,25.09,399.79,375.2,20.722,26.504,60.58,77.49,499.7,1802,1849,101.4,-10.9,0.328,1,111115,"14.4_8_5"
"182",2015,8,5,"14.4","Carmenere",8,13:02:29,104,18.7,0.384,282,4.62,1.34,6,1,2.84,26.46,28.82,25.1,399.82,375.31,20.662,26.066,60.42,76.22,499.7,1801,1849,101.4,-10.6,-0.104,0.3,111115,"14.4_8_5"
"183",2015,8,5,"16.2","Sauvignon_blanc",3,11:20:40,44.5,18.8,0.438,291,4.34,1.13,6,1,2.84,25.95,27.31,25.11,399.52,374.98,19.745,24.83,59.53,74.86,499.7,1800,1770,101.5,-10.3,-0.106,0.7,111115,"16.2_8_5"
"184",2015,8,5,"16.2","Sauvignon_blanc",4,11:20:50,55,19.4,0.449,290,4.39,1.12,6,1,2.84,25.96,27.32,25.1,399.57,374.26,19.791,24.937,59.66,75.17,499.7,1799,1772,101.5,-10.3,-0.106,0.7,111115,"16.2_8_5"
"185",2015,8,5,"16.2","Sauvignon_blanc",5,11:21:01,65.5,19.6,0.458,290,4.45,1.11,6,1,2.84,25.96,27.33,25.1,399.43,373.93,19.791,25.005,59.66,75.38,499.7,1800,1773,101.5,-10.3,-0.106,0.7,111115,"16.2_8_5"
"186",2015,8,5,"16.2","Sauvignon_blanc",6,11:21:11,76,19.8,0.464,290,4.5,1.11,6,1,2.84,25.96,27.34,25.11,399.51,373.77,19.769,25.043,59.58,75.47,499.7,1799,1773,101.5,-10.3,-0.106,0.7,111115,"16.2_8_5"
"187",2015,8,5,"16.2","Sauvignon_blanc",7,11:21:22,86.5,20.1,0.47,289,4.54,1.11,6,1,2.84,25.97,27.34,25.1,399.56,373.4,19.744,25.062,59.48,75.51,499.7,1799,1776,101.5,-10.3,-0.106,0.7,111115,"16.2_8_5"
"188",2015,8,5,"16.2","Sauvignon_blanc",8,11:21:32,97,20,0.472,290,4.56,1.11,6,1,2.84,25.97,27.35,25.1,399.56,373.45,19.732,25.075,59.44,75.53,499.7,1800,1776,101.5,-10.3,-0.106,1,111115,"16.2_8_5"
"189",2015,8,5,"16.2","Sauvignon_blanc",9,11:21:43,107.5,20.3,0.473,289,4.56,1.11,6,1,2.84,25.97,27.34,25.1,399.51,373.05,19.736,25.076,59.44,75.52,499.7,1800,1776,101.5,-10.3,-0.106,0.7,111115,"16.2_8_5"
"190",2015,8,5,"17.1","Carignane",3,11:29:12,45.5,8.74,0.0952,229,1.54,1.65,6,1,2.84,26.05,28.55,25.1,399.77,388.56,20.576,22.386,61.7,67.13,499.7,1800,1805,101.5,-10.3,-0.00317,0.7,111115,"17.1_8_5"
"191",2015,8,5,"17.1","Carignane",4,11:29:23,56,8.79,0.0967,231,1.56,1.64,6,1,2.84,26.05,28.54,25.1,399.81,388.53,20.638,22.464,61.89,67.37,499.7,1800,1806,101.5,-10.3,-0.00317,1,111115,"17.1_8_5"
"192",2015,8,5,"17.1","Carignane",5,11:29:33,66.5,8.82,0.0974,231,1.56,1.63,6,1,2.84,26.04,28.55,25.1,399.81,388.49,20.693,22.528,62.06,67.57,499.7,1800,1807,101.5,-10.3,-0.00317,1,111115,"17.1_8_5"
"193",2015,8,5,"17.1","Carignane",6,11:29:44,77,8.76,0.0972,232,1.56,1.63,6,1,2.84,26.04,28.55,25.1,399.73,388.49,20.742,22.569,62.22,67.7,499.7,1800,1808,101.5,-10.3,-0.00317,1,111115,"17.1_8_5"
"194",2015,8,5,"17.1","Carignane",7,11:29:54,87.5,9.09,0.0979,227,1.56,1.62,6,1,2.84,26.04,28.54,25.1,400.09,388.45,20.783,22.613,62.36,67.85,499.7,1800,1809,101.5,-10.3,-0.00317,1,111115,"17.1_8_5"
"195",2015,8,5,"17.1","Carignane",8,11:30:05,98,8.88,0.0995,233,1.58,1.62,6,1,2.84,26.04,28.53,25.1,399.79,388.4,20.784,22.637,62.37,67.93,499.7,1801,1810,101.5,-10.3,-0.00317,1,111115,"17.1_8_5"
"196",2015,8,5,"17.1","Carignane",9,11:30:15,108.5,8.92,0.101,235,1.61,1.62,6,1,2.84,26.03,28.54,25.1,399.77,388.32,20.718,22.61,62.18,67.86,499.7,1801,1809,101.5,-10.3,-0.00317,1,111115,"17.1_8_5"
"197",2015,8,5,"17.2","UngniBlanc_Trebbiano",3,11:25:21,46.5,18.8,0.258,244,3.11,1.29,6,1,2.84,26.05,27.56,25.11,400.1,376.16,20.062,23.705,60.15,71.08,499.7,1800,1715,101.5,-9.98,-0.0931,0.7,111115,"17.2_8_5"
"198",2015,8,5,"17.2","UngniBlanc_Trebbiano",4,11:25:31,57,18.9,0.263,246,3.16,1.29,6,1,2.84,26.06,27.58,25.11,400.12,376.06,20.055,23.762,60.1,71.21,499.7,1799,1715,101.5,-9.98,-0.0931,1,111115,"17.2_8_5"
"199",2015,8,5,"17.2","UngniBlanc_Trebbiano",5,11:25:42,67.5,18.9,0.267,247,3.2,1.29,6,1,2.84,26.07,27.59,25.11,400.09,375.92,20.048,23.802,60.04,71.28,499.7,1799,1716,101.5,-9.98,-0.0931,1,111115,"17.2_8_5"
"200",2015,8,5,"17.2","UngniBlanc_Trebbiano",6,11:25:52,78,18.9,0.265,247,3.19,1.29,6,1,2.84,26.08,27.62,25.11,400.18,376.11,20.092,23.828,60.13,71.31,499.7,1800,1717,101.5,-9.98,-0.0931,1,111115,"17.2_8_5"
"201",2015,8,5,"17.2","UngniBlanc_Trebbiano",7,11:26:03,88.5,18.9,0.265,246,3.17,1.29,6,1,2.84,26.09,27.63,25.1,400.04,375.92,20.171,23.891,60.34,71.47,499.7,1800,1717,101.5,-9.98,-0.0931,1,111115,"17.2_8_5"
"202",2015,8,5,"17.2","UngniBlanc_Trebbiano",8,11:26:13,99,18.9,0.268,247,3.2,1.29,6,1,2.84,26.1,27.65,25.1,400.02,375.9,20.204,23.953,60.41,71.62,499.7,1800,1718,101.5,-9.98,-0.0931,1,111115,"17.2_8_5"
"203",2015,8,5,"17.2","UngniBlanc_Trebbiano",9,11:26:24,109.5,18.9,0.269,248,3.2,1.28,6,1,2.84,26.1,27.64,25.1,400.11,375.97,20.248,23.994,60.53,71.73,499.7,1800,1718,101.5,-9.98,-0.0931,1,111115,"17.2_8_5"
"204",2015,8,5,"18.6","Durif",3,11:36:07,41,14.3,0.287,288,3.43,1.29,6,1,2.84,26.07,28.1,25.1,400.41,381.65,20.855,24.869,62.47,74.49,499.7,1800,1733,101.5,-10.5,0.0792,0.7,111115,"18.6_8_5"
"205",2015,8,5,"18.6","Durif",4,11:36:18,51.5,14.3,0.291,289,3.46,1.29,6,1,2.84,26.07,28.12,25.11,400.4,381.68,20.911,24.967,62.61,74.75,499.7,1800,1735,101.5,-10.5,0.0792,1,111115,"18.6_8_5"
"206",2015,8,5,"18.6","Durif",5,11:36:28,62,14.3,0.294,290,3.49,1.29,6,1,2.84,26.08,28.14,25.1,400.4,381.64,20.959,25.043,62.74,74.96,499.7,1799,1735,101.5,-10.5,0.0792,1,111115,"18.6_8_5"
"207",2015,8,5,"18.6","Durif",6,11:36:38,72,14.2,0.299,292,3.54,1.28,6,1,2.84,26.08,28.15,25.1,400.3,381.64,20.937,25.075,62.66,75.04,499.7,1799,1737,101.5,-10.5,0.0792,1,111115,"18.6_8_5"
"208",2015,8,5,"18.6","Durif",7,11:36:48,82,14.3,0.302,292,3.57,1.28,6,1,2.84,26.09,28.16,25.1,400.41,381.56,20.922,25.101,62.6,75.1,499.7,1799,1735,101.5,-10.5,0.0792,1,111115,"18.6_8_5"
"209",2015,8,5,"18.6","Durif",8,11:36:59,92.5,14.4,0.305,292,3.6,1.29,6,1,2.84,26.09,28.18,25.1,400.51,381.6,20.902,25.115,62.52,75.12,499.7,1799,1736,101.5,-10.5,0.0792,1,111115,"18.6_8_5"
"210",2015,8,5,"18.6","Durif",9,11:37:09,102.5,14.4,0.305,292,3.6,1.29,6,1,2.84,26.1,28.18,25.11,400.41,381.47,20.913,25.127,62.52,75.12,499.7,1800,1737,101.5,-10.5,0.0792,1,111115,"18.6_8_5"
"211",2015,8,5,"24.2","?",3,12:02:12,41,11.5,0.144,243,2.12,1.53,6,1,2.84,26.12,28.85,25.1,400.05,385.21,21.774,24.26,64.98,72.4,499.7,1798,1828,101.4,-10.4,-0.18,1,111115,"24.2_8_5"
"212",2015,8,5,"24.2","?",4,12:02:23,51.5,11.5,0.148,247,2.18,1.52,6,1,2.84,26.12,28.85,25.1,400.22,385.35,21.765,24.314,64.98,72.59,499.7,1800,1829,101.4,-10.4,-0.18,1,111115,"24.2_8_5"
"213",2015,8,5,"24.2","?",5,12:02:33,62,11.5,0.148,248,2.18,1.52,6,1,2.84,26.12,28.86,25.1,400.06,385.29,21.785,24.336,65.04,72.66,499.7,1800,1828,101.4,-10.4,-0.18,1,111115,"24.2_8_5"
"214",2015,8,5,"24.2","?",6,12:02:44,72.5,11.5,0.148,248,2.18,1.52,6,1,2.84,26.11,28.87,25.1,400.19,385.36,21.794,24.352,65.08,72.72,499.7,1800,1828,101.4,-10.4,-0.18,1,111115,"24.2_8_5"
"215",2015,8,5,"24.2","?",7,12:02:54,83,11.4,0.148,249,2.18,1.52,6,1,2.84,26.11,28.86,25.1,400.15,385.47,21.788,24.345,65.08,72.71,499.7,1800,1829,101.4,-10.4,-0.18,1,111115,"24.2_8_5"
"216",2015,8,5,"24.2","?",8,12:03:05,93.5,11.4,0.148,248,2.17,1.52,6,1,2.84,26.11,28.85,25.1,400.14,385.43,21.799,24.34,65.12,72.71,499.7,1801,1828,101.4,-10.4,-0.18,1,111115,"24.2_8_5"
"217",2015,8,5,"24.2","?",9,12:03:15,104,11.4,0.147,248,2.16,1.52,6,1,2.84,26.1,28.85,25.1,400.15,385.42,21.801,24.336,65.13,72.71,499.7,1801,1829,101.4,-10.4,-0.18,1,111115,"24.2_8_5"
"218",2015,8,5,"34.6","Morrastel",3,12:16:44,43.5,16.2,0.232,252,2.99,1.37,6,1,2.84,26.14,28.15,25.1,400.05,379.23,20.717,24.221,61.77,72.22,499.7,1800,1885,101.4,-10.8,-0.075,1,111115,"34.6_8_5"
"219",2015,8,5,"34.6","Morrastel",4,12:16:55,54,16.1,0.231,253,2.97,1.36,6,1,2.84,26.14,28.14,25.1,399.94,379.22,20.781,24.258,61.96,72.33,499.7,1800,1886,101.4,-10.8,-0.075,1,111115,"34.6_8_5"
"220",2015,8,5,"34.6","Morrastel",5,12:17:05,64.5,16.2,0.232,253,2.96,1.36,6,1,2.84,26.13,28.13,25.1,400.01,379.21,20.828,24.299,62.11,72.47,499.7,1802,1886,101.4,-10.8,-0.075,1,111115,"34.6_8_5"
"221",2015,8,5,"34.6","Morrastel",6,12:17:16,75,16.1,0.234,254,2.98,1.35,6,1,2.84,26.13,28.12,25.1,399.83,379.09,20.845,24.331,62.18,72.58,499.7,1801,1885,101.4,-10.8,-0.075,1,111115,"34.6_8_5"
"222",2015,8,5,"34.6","Morrastel",7,12:17:26,85,16.1,0.234,254,2.97,1.35,6,1,2.84,26.13,28.1,25.1,399.9,379.17,20.875,24.349,62.28,72.64,499.7,1801,1885,101.4,-10.8,-0.075,1,111115,"34.6_8_5"
"223",2015,8,5,"34.6","Morrastel",8,12:17:36,95.5,16.2,0.236,255,2.98,1.34,6,1,2.84,26.13,28.09,25.11,400.01,379.19,20.876,24.37,62.27,72.7,499.7,1800,1884,101.4,-10.8,-0.075,1,111115,"34.6_8_5"
"224",2015,8,5,"34.6","Morrastel",9,12:17:47,105.5,16.1,0.24,257,3.03,1.34,6,1,2.84,26.13,28.1,25.1,399.88,379.18,20.82,24.366,62.1,72.68,499.7,1799,1885,101.4,-10.8,-0.075,1,111115,"34.6_8_5"
"225",2015,8,5,"42.8","Early_Muscat",3,12:26:53,55.5,9.78,0.191,292,2.74,1.51,6,1,2.84,26.19,28.49,25.1,399.81,386.79,20.41,23.626,60.65,70.21,499.7,1799,1890,101.4,-10.6,-0.0649,1,111115,"42.8_8_5"
"226",2015,8,5,"42.8","Early_Muscat",4,12:27:03,66,9.87,0.192,292,2.76,1.51,6,1,2.84,26.2,28.49,25.11,399.84,386.71,20.419,23.654,60.66,70.27,499.7,1799,1891,101.4,-10.6,-0.0649,1,111115,"42.8_8_5"
"227",2015,8,5,"42.8","Early_Muscat",5,12:27:14,76.5,9.81,0.193,292,2.78,1.51,6,1,2.84,26.2,28.51,25.1,399.74,386.67,20.426,23.68,60.67,70.34,499.7,1800,1891,101.4,-10.6,-0.0649,1,111115,"42.8_8_5"
"228",2015,8,5,"42.8","Early_Muscat",6,12:27:24,87,9.93,0.192,291,2.77,1.51,6,1,2.84,26.2,28.52,25.1,399.96,386.75,20.445,23.69,60.71,70.35,499.7,1799,1891,101.4,-10.6,-0.0649,1,111115,"42.8_8_5"
"229",2015,8,5,"42.8","Early_Muscat",7,12:27:35,97.5,9.92,0.192,291,2.77,1.51,6,1,2.84,26.21,28.54,25.11,399.85,386.66,20.464,23.709,60.74,70.37,499.8,1799,1892,101.4,-10.6,-0.0649,1,111115,"42.8_8_5"
"230",2015,8,5,"42.8","Early_Muscat",8,12:27:45,108,9.99,0.191,290,2.76,1.52,6,1,2.84,26.22,28.57,25.1,399.95,386.68,20.48,23.719,60.76,70.37,499.7,1800,1893,101.4,-10.6,-0.0649,1,111115,"42.8_8_5"
"231",2015,8,5,"42.8","Early_Muscat",9,12:27:56,118.5,10.1,0.19,289,2.76,1.52,6,1,2.84,26.23,28.59,25.11,400.08,386.67,20.498,23.737,60.79,70.39,499.7,1799,1894,101.4,-10.6,-0.0649,1,111115,"42.8_8_5"
"232",2015,8,6,"13.5","Pinot_meunier",3,12:21:34,40.5,17.4,0.385,290,4.11,1.18,6,1,2.84,26.38,28.21,25.1,400,377.28,21.539,26.342,62.97,77.01,499.7,1800,1242,100.9,-10,-0.161,0.7,111115,"13.5_8_6"
"233",2015,8,6,"13.5","Pinot_meunier",4,12:21:44,51,17.5,0.398,292,4.17,1.17,6,1,2.84,26.38,28.17,25.1,399.94,377.02,21.55,26.422,63.03,77.28,499.7,1800,1095,100.9,-10,-0.161,0.7,111115,"13.5_8_6"
"234",2015,8,6,"13.5","Pinot_meunier",5,12:21:54,61,17.3,0.4,294,4.19,1.17,6,1,2.84,26.37,28.19,25.09,399.73,377.12,21.558,26.462,63.09,77.44,499.7,1800,1055,100.9,-10,-0.161,1,111115,"13.5_8_6"
"235",2015,8,6,"13.5","Pinot_meunier",6,12:22:05,71.5,17.5,0.403,293,4.22,1.17,6,1,2.84,26.36,28.2,25.1,399.83,376.97,21.56,26.488,63.12,77.55,499.8,1800,1045,100.9,-10,-0.161,1,111115,"13.5_8_6"
"236",2015,8,6,"13.5","Pinot_meunier",7,12:22:15,82,17.4,0.407,294,4.22,1.16,6,1,2.84,26.35,28.16,25.1,399.88,377.09,21.563,26.493,63.15,77.6,499.7,1800,989,100.9,-10,-0.161,1,111115,"13.5_8_6"
"237",2015,8,6,"13.5","Pinot_meunier",8,12:22:25,92,17.5,0.41,294,4.23,1.15,6,1,2.84,26.35,28.14,25.1,399.84,376.9,21.565,26.508,63.18,77.67,499.8,1800,983,100.9,-10,-0.161,1,111115,"13.5_8_6"
"238",2015,8,6,"13.5","Pinot_meunier",9,12:22:36,102.5,17.5,0.411,294,4.24,1.15,6,1,2.84,26.34,28.14,25.1,399.94,376.95,21.546,26.502,63.15,77.67,499.7,1800,1027,100.9,-10,-0.161,1,111115,"13.5_8_6"
"239",2015,8,6,"13.9","Cabernet_franc",3,12:15:55,41.5,17.6,0.337,279,3.61,1.17,6,1,2.84,26.29,28.08,25.1,399.91,377.18,21.973,26.193,64.62,77.02,499.7,1799,232,100.9,-10.2,-0.212,0.3,111115,"13.9_8_6"
"240",2015,8,6,"13.9","Cabernet_franc",4,12:16:05,52,17.5,0.357,284,3.74,1.15,6,1,2.84,26.29,28.07,25.11,399.89,377.16,21.971,26.343,64.6,77.46,499.7,1800,229,100.9,-10.2,-0.212,0.7,111115,"13.9_8_6"
"241",2015,8,6,"13.9","Cabernet_franc",5,12:16:15,62,17.6,0.361,284,3.78,1.15,6,1,2.84,26.29,28.1,25.1,399.9,377.01,21.977,26.394,64.61,77.6,499.7,1800,227,100.9,-10.2,-0.212,0.7,111115,"13.9_8_6"
"242",2015,8,6,"13.9","Cabernet_franc",6,12:16:26,72.5,17.8,0.369,285,3.83,1.14,6,1,2.84,26.29,28.09,25.1,399.96,376.81,21.974,26.447,64.61,77.76,499.7,1799,226,100.9,-10.2,-0.212,1,111115,"13.9_8_6"
"243",2015,8,6,"13.9","Cabernet_franc",7,12:16:36,82.5,17.9,0.372,285,3.86,1.15,6,1,2.84,26.29,28.11,25.11,399.96,376.68,21.976,26.483,64.59,77.84,499.7,1798,251,100.9,-10.2,-0.212,1,111115,"13.9_8_6"
"244",2015,8,6,"13.9","Cabernet_franc",8,12:16:46,93,17.9,0.38,286,3.9,1.14,6,1,2.84,26.3,28.09,25.11,399.81,376.53,21.971,26.534,64.55,77.95,499.8,1800,242,100.9,-10.2,-0.212,0.7,111115,"13.9_8_6"
"245",2015,8,6,"13.9","Cabernet_franc",9,12:16:57,103.5,18.1,0.382,285,3.91,1.14,6,1,2.84,26.3,28.08,25.1,399.8,376.27,21.964,26.534,64.56,77.99,499.7,1801,211,100.9,-10.2,-0.212,1,111115,"13.9_8_6"
"246",2015,8,6,"20.5","Gewurtztraminer",3,11:11:16,44.5,10.5,0.216,296,2.73,1.33,6,1,2.84,25.79,27.17,25.11,400.16,386.31,19.432,22.633,58.88,68.58,499.7,1799,357,101,-9.96,-0.303,0.7,111115,"20.5_8_6"
"247",2015,8,6,"20.5","Gewurtztraminer",4,11:11:26,55,10.7,0.22,295,2.76,1.32,6,1,2.84,25.79,27.17,25.11,400.18,385.99,19.456,22.695,58.95,68.77,499.7,1799,354,101,-9.96,-0.303,0.7,111115,"20.5_8_6"
"248",2015,8,6,"20.5","Gewurtztraminer",5,11:11:37,65.5,10.9,0.225,296,2.8,1.32,6,1,2.84,25.78,27.16,25.11,400.15,385.82,19.472,22.758,59.01,68.97,499.7,1799,346,101,-9.96,-0.303,0.7,111115,"20.5_8_6"
"249",2015,8,6,"20.5","Gewurtztraminer",6,11:11:47,75.5,10.8,0.227,297,2.81,1.31,6,1,2.84,25.78,27.15,25.11,400.05,385.81,19.502,22.793,59.1,69.08,499.7,1799,349,101,-9.96,-0.303,1,111115,"20.5_8_6"
"250",2015,8,6,"20.5","Gewurtztraminer",7,11:11:57,86,10.9,0.228,297,2.82,1.31,6,1,2.84,25.78,27.15,25.11,400.11,385.74,19.524,22.829,59.17,69.19,499.7,1800,354,101,-9.96,-0.303,1,111115,"20.5_8_6"
"251",2015,8,6,"20.5","Gewurtztraminer",8,11:12:08,96.5,11,0.23,297,2.82,1.3,6,1,2.84,25.78,27.14,25.11,400.12,385.64,19.553,22.867,59.26,69.3,499.7,1800,362,101,-9.96,-0.303,1,111115,"20.5_8_6"
"252",2015,8,6,"20.5","Gewurtztraminer",9,11:12:18,107,11,0.231,297,2.83,1.3,6,1,2.84,25.78,27.15,25.11,400.08,385.55,19.565,22.891,59.29,69.37,499.7,1800,363,101,-9.96,-0.303,1,111115,"20.5_8_6"
"253",2015,8,6,"42.7","Early_Muscat",3,11:59:13,41.5,11.5,0.216,288,2.68,1.3,6,1,2.84,26.02,27.57,25.11,400.52,385.53,20.588,23.724,61.54,70.91,499.7,1799,875,101,-9.81,-0.354,0.7,111115,"42.7_8_6"
"254",2015,8,6,"42.7","Early_Muscat",4,11:59:24,52,11.5,0.223,291,2.75,1.3,6,1,2.84,26.02,27.58,25.11,400.62,385.6,20.6,23.818,61.55,71.17,499.7,1799,851,101,-9.81,-0.354,1,111115,"42.7_8_6"
"255",2015,8,6,"42.7","Early_Muscat",5,11:59:34,62.5,11.4,0.227,292,2.79,1.3,6,1,2.84,26.02,27.6,25.11,400.47,385.46,20.607,23.876,61.57,71.34,499.7,1799,880,101,-9.81,-0.354,1,111115,"42.7_8_6"
"256",2015,8,6,"42.7","Early_Muscat",6,11:59:44,71.5,11.5,0.231,293,2.82,1.29,6,1,2.84,26.03,27.61,25.11,400.5,385.44,20.616,23.919,61.59,71.45,499.7,1799,848,101,-9.81,-0.354,1,111115,"42.7_8_6"
"257",2015,8,6,"42.7","Early_Muscat",7,11:59:55,83,11.5,0.233,294,2.84,1.29,6,1,2.84,26.03,27.61,25.11,400.46,385.33,20.631,23.957,61.62,71.55,499.7,1800,829,101,-9.81,-0.354,1,111115,"42.7_8_6"
"258",2015,8,6,"42.7","Early_Muscat",8,12:00:05,93,11.5,0.234,294,2.86,1.29,6,1,2.84,26.04,27.64,25.11,400.46,385.38,20.641,23.988,61.63,71.63,499.7,1800,797,101,-9.81,-0.354,1,111115,"42.7_8_6"
"259",2015,8,6,"42.7","Early_Muscat",9,12:00:15,103.5,11.5,0.234,294,2.87,1.3,6,1,2.84,26.04,27.66,25.11,400.53,385.42,20.648,24.006,61.64,71.66,499.7,1800,730,101,-9.81,-0.354,1,111115,"42.7_8_6"
"260",2015,8,7,"13.1","Pinot_blanc",3,11:51:30,45,6.92,0.09,255,1.6,1.79,6,1,2.84,26.17,28.67,25.1,399.74,390.69,19.471,21.35,57.61,63.17,499.7,1799,788,100.8,-10.4,-0.0833,0.7,111115,"13.1_8_7"
"261",2015,8,7,"13.1","Pinot_blanc",4,11:51:40,55.5,6.88,0.0907,256,1.62,1.8,6,1,2.84,26.16,28.69,25.1,399.63,390.61,19.454,21.353,57.57,63.19,499.7,1799,816,100.8,-10.4,-0.0833,1,111115,"13.1_8_7"
"262",2015,8,7,"13.1","Pinot_blanc",5,11:51:51,66,6.94,0.0917,257,1.63,1.79,6,1,2.84,26.16,28.66,25.1,399.53,390.43,19.433,21.346,57.53,63.19,499.7,1799,851,100.8,-10.4,-0.0833,1,111115,"13.1_8_7"
"263",2015,8,7,"13.1","Pinot_blanc",6,11:52:01,76.5,7.09,0.0921,254,1.63,1.79,6,1,2.84,26.15,28.64,25.1,399.63,390.36,19.413,21.331,57.49,63.17,499.7,1799,898,100.8,-10.4,-0.0833,0.7,111115,"13.1_8_7"
"264",2015,8,7,"13.1","Pinot_blanc",7,11:52:12,87,7.2,0.0918,252,1.63,1.79,6,1,2.84,26.15,28.63,25.1,399.62,390.22,19.397,21.308,57.45,63.11,499.7,1799,929,100.8,-10.4,-0.0833,1,111115,"13.1_8_7"
"265",2015,8,7,"13.1","Pinot_blanc",8,11:52:22,97,7.16,0.091,252,1.62,1.79,6,1,2.84,26.14,28.65,25.1,399.58,390.22,19.383,21.285,57.42,63.06,499.7,1799,994,100.8,-10.4,-0.0833,1,111115,"13.1_8_7"
"266",2015,8,7,"13.1","Pinot_blanc",9,11:52:32,107.5,7.1,0.0911,253,1.61,1.78,6,1,2.84,26.14,28.6,25.1,399.45,390.17,19.37,21.263,57.4,63.01,499.7,1799,1033,100.8,-10.4,-0.0833,1,111115,"13.1_8_7"
"267",2015,8,7,"13.4","Pinot_gris",3,12:00:22,39,18.5,0.305,263,4,1.42,6,1,2.84,26.1,28.17,25.1,399.66,375.66,19.281,23.967,57.27,71.19,499.7,1800,944,100.8,-10.4,-0.0358,0.3,111115,"13.4_8_7"
"268",2015,8,7,"13.4","Pinot_gris",4,12:00:33,49.5,18.7,0.314,264,4.07,1.41,6,1,2.84,26.09,28.15,25.1,399.77,375.43,19.271,24.043,57.26,71.44,499.7,1800,957,100.8,-10.4,-0.0358,0.7,111115,"13.4_8_7"
"269",2015,8,7,"13.4","Pinot_gris",5,12:00:43,59.5,18.7,0.319,266,4.12,1.4,6,1,2.84,26.09,28.15,25.1,399.7,375.41,19.263,24.087,57.24,71.57,499.7,1800,963,100.8,-10.4,-0.0358,0.7,111115,"13.4_8_7"
"270",2015,8,7,"13.4","Pinot_gris",6,12:00:54,70,18.7,0.324,267,4.15,1.39,6,1,2.84,26.09,28.14,25.1,399.73,375.44,19.261,24.125,57.24,71.7,499.7,1800,938,100.8,-10.4,-0.0358,1,111115,"13.4_8_7"
"271",2015,8,7,"13.4","Pinot_gris",7,12:01:15,91.5,18.5,0.333,270,4.22,1.39,6,1,2.84,26.08,28.14,25.1,399.36,375.29,19.259,24.207,57.25,71.96,499.8,1800,919,100.8,-10.2,0.000387,1,111115,"13.4_8_7"
"272",2015,8,7,"13.6","Pinot_meunier",3,11:58:09,39.5,18.2,0.423,292,4.47,1.19,6,1,2.84,26.11,27.41,25.1,400.05,376.21,19.346,24.582,57.42,72.96,499.7,1799,824,100.8,-10.5,-0.0235,0.3,111115,"13.6_8_7"
"273",2015,8,7,"13.6","Pinot_meunier",4,11:58:20,50,18.1,0.436,295,4.55,1.18,6,1,2.84,26.11,27.4,25.1,399.97,376.2,19.334,24.667,57.4,73.23,499.7,1800,815,100.8,-10.5,-0.0235,1,111115,"13.6_8_7"
"274",2015,8,7,"13.6","Pinot_meunier",5,11:58:30,60.5,18.1,0.444,296,4.59,1.17,6,1,2.84,26.1,27.37,25.1,399.95,376.09,19.326,24.703,57.4,73.37,499.7,1800,794,100.8,-10.5,-0.0235,0.7,111115,"13.6_8_7"
"275",2015,8,7,"13.6","Pinot_meunier",6,11:58:41,71,18,0.45,297,4.63,1.16,6,1,2.84,26.1,27.37,25.1,399.85,376.1,19.317,24.736,57.39,73.48,499.7,1800,800,100.8,-10.5,-0.0235,1,111115,"13.6_8_7"
"276",2015,8,7,"13.6","Pinot_meunier",7,11:59:00,89.5,18,0.454,298,4.65,1.16,6,1,2.84,26.09,27.36,25.1,399.98,376.23,19.308,24.754,57.36,73.54,499.7,1799,879,100.8,-10.4,-0.0358,0.7,111115,"13.6_8_7"
"277",2015,8,7,"13.8","Pinot_noir",3,11:55:06,39.5,9.52,0.156,276,2.63,1.74,6,1,2.84,26.17,28.9,25.1,400.34,387.68,19.358,22.445,57.25,66.38,499.7,1799,1107,100.8,-10.8,-0.0391,0.7,111115,"13.8_8_7"
"278",2015,8,7,"13.8","Pinot_noir",4,11:55:17,50,9.7,0.161,277,2.69,1.73,6,1,2.84,26.17,28.9,25.1,400.38,387.48,19.371,22.527,57.3,66.64,499.7,1799,1023,100.8,-10.8,-0.0391,0.7,111115,"13.8_8_7"
"279",2015,8,7,"13.8","Pinot_noir",5,11:55:27,60.5,9.86,0.164,277,2.73,1.72,6,1,2.84,26.17,28.91,25.1,400.4,387.29,19.372,22.575,57.31,66.78,499.7,1799,974,100.8,-10.8,-0.0391,0.7,111115,"13.8_8_7"
"280",2015,8,7,"13.8","Pinot_noir",6,11:55:38,71,9.83,0.165,278,2.75,1.72,6,1,2.84,26.17,28.92,25.1,400.36,387.27,19.371,22.604,57.31,66.87,499.7,1799,930,100.8,-10.8,-0.0391,1,111115,"13.8_8_7"
"281",2015,8,7,"13.8","Pinot_noir",7,11:55:48,81.5,10,0.166,276,2.76,1.72,6,1,2.84,26.16,28.91,25.1,400.33,386.99,19.381,22.622,57.35,66.94,499.7,1800,871,100.8,-10.8,-0.0391,0.7,111115,"13.8_8_7"
"282",2015,8,7,"13.8","Pinot_noir",8,11:55:59,92,9.99,0.166,277,2.76,1.72,6,1,2.84,26.16,28.9,25.1,399.99,386.71,19.386,22.631,57.38,66.98,499.7,1800,900,100.8,-10.8,-0.0391,0.7,111115,"13.8_8_7"
"283",2015,8,7,"13.8","Pinot_noir",9,11:56:09,102.5,10,0.167,276,2.77,1.72,6,1,2.84,26.15,28.9,25.1,400.07,386.72,19.394,22.648,57.42,67.05,499.7,1800,959,100.8,-10.8,-0.0391,1,111115,"13.8_8_7"
"284",2015,8,7,"32.4","Zinfandel_Primitivo",3,11:17:00,68,14.7,0.276,281,3.65,1.42,6,1,2.84,25.83,26.79,25.12,399.94,380.63,16.671,20.964,50.33,63.29,499.7,1798,1288,100.8,-11.4,-0.394,1,111115,"32.4_8_7"
"285",2015,8,7,"32.4","Zinfandel_Primitivo",4,11:17:11,78.5,14.1,0.282,287,3.7,1.41,6,1,2.84,25.83,26.8,25.12,399.88,381.26,16.721,21.065,50.45,63.56,499.7,1800,1309,100.8,-11.4,-0.394,0.7,111115,"32.4_8_7"
"286",2015,8,7,"32.4","Zinfandel_Primitivo",5,11:17:21,89,14,0.283,288,3.71,1.41,6,1,2.84,25.84,26.83,25.12,399.75,381.23,16.77,21.133,50.58,63.73,499.7,1799,1339,100.8,-11.4,-0.394,1,111115,"32.4_8_7"
"287",2015,8,7,"32.4","Zinfandel_Primitivo",6,11:17:32,99.5,14,0.286,288,3.74,1.41,6,1,2.84,25.85,26.84,25.12,399.66,381.12,16.814,21.205,50.68,63.92,499.7,1799,1406,100.8,-11.4,-0.394,1,111115,"32.4_8_7"
"288",2015,8,7,"32.4","Zinfandel_Primitivo",7,11:17:42,110,14,0.289,289,3.75,1.4,6,1,2.84,25.86,26.85,25.12,399.52,380.95,16.86,21.272,50.8,64.09,499.7,1799,1442,100.8,-11.4,-0.394,0.7,111115,"32.4_8_7"
"289",2015,8,7,"32.4","Zinfandel_Primitivo",8,11:17:53,120.5,14,0.291,289,3.76,1.4,6,1,2.84,25.86,26.85,25.12,399.45,380.87,16.908,21.33,50.92,64.24,499.7,1799,1489,100.8,-11.4,-0.394,1,111115,"32.4_8_7"
"290",2015,8,7,"32.4","Zinfandel_Primitivo",9,11:18:03,131,14.1,0.291,289,3.77,1.4,6,1,2.84,25.87,26.88,25.12,399.34,380.72,16.952,21.377,51.03,64.35,499.7,1800,1546,100.8,-11.4,-0.394,1,111115,"32.4_8_7"
"291",2015,8,7,"34.6","Morrastel",3,11:25:11,39,10.6,0.177,277,2.77,1.62,6,1,2.84,25.96,28.02,25.11,400.03,386.07,18.335,21.586,54.91,64.65,499.7,1799,938,100.8,-9.6,-0.358,0.3,111115,"34.6_8_7"
"292",2015,8,7,"34.6","Morrastel",4,11:25:21,49.5,11.1,0.182,273,2.83,1.62,6,1,2.84,25.96,28.04,25.11,400.07,385.38,18.349,21.672,54.96,64.92,499.7,1799,945,100.8,-9.6,-0.358,0.7,111115,"34.6_8_7"
"293",2015,8,7,"34.6","Morrastel",5,11:25:31,59.5,11.4,0.184,272,2.85,1.61,6,1,2.84,25.96,28.04,25.11,400.08,385.04,18.372,21.724,55.03,65.08,499.7,1800,976,100.8,-9.6,-0.358,0.7,111115,"34.6_8_7"
"294",2015,8,7,"34.6","Morrastel",6,11:25:41,69,11.6,0.186,271,2.87,1.61,6,1,2.84,25.96,28.04,25.11,400.08,384.88,18.391,21.76,55.08,65.17,499.7,1799,1001,100.8,-9.6,-0.358,0.7,111115,"34.6_8_7"
"295",2015,8,7,"34.6","Morrastel",7,11:25:53,81.5,11.7,0.186,270,2.87,1.61,6,1,2.84,25.96,28.06,25.11,399.96,384.57,18.431,21.807,55.19,65.3,499.7,1799,1014,100.8,-9.6,-0.358,0.7,111115,"34.6_8_7"
"296",2015,8,7,"34.6","Morrastel",8,11:26:04,92,12,0.188,267,2.89,1.61,6,1,2.84,25.97,28.06,25.11,400.07,384.28,18.446,21.844,55.22,65.39,499.7,1798,988,100.8,-9.6,-0.358,0.7,111115,"34.6_8_7"
"297",2015,8,7,"34.6","Morrastel",9,11:26:14,102.5,12.2,0.187,265,2.88,1.61,6,1,2.84,25.97,28.08,25.11,400.02,384.01,18.487,21.873,55.33,65.46,499.7,1800,958,100.8,-9.6,-0.358,0.7,111115,"34.6_8_7"
"298",2015,8,7,"34.8","Palomino",3,11:21:39,41.5,12,0.194,270,3.06,1.65,6,1,2.84,26.02,28.08,25.11,399.49,383.66,17.835,21.432,53.21,63.95,499.7,1799,1254,100.8,-9,-0.505,1,111115,"34.8_8_7"
"299",2015,8,7,"34.8","Palomino",4,11:21:50,52,12.1,0.194,269,3.07,1.65,6,1,2.84,26.02,28.08,25.11,399.44,383.5,17.866,21.468,53.33,64.08,499.7,1799,923,100.8,-9,-0.505,1,111115,"34.8_8_7"
"300",2015,8,7,"34.8","Palomino",5,11:22:00,62.5,12,0.194,270,3.05,1.64,6,1,2.84,26.01,28.06,25.11,399.28,383.44,17.904,21.49,53.46,64.17,499.7,1799,667,100.8,-9,-0.505,1,111115,"34.8_8_7"
"301",2015,8,7,"34.8","Palomino",6,11:22:10,72.5,11.9,0.192,269,3.02,1.64,6,1,2.84,26.01,28.06,25.11,399.2,383.47,17.944,21.489,53.59,64.18,499.7,1799,1231,100.8,-9,-0.505,1,111115,"34.8_8_7"
"302",2015,8,7,"34.8","Palomino",7,11:22:21,83,12,0.19,268,2.99,1.64,6,1,2.84,26,28.06,25.11,399.23,383.45,17.983,21.5,53.72,64.22,499.7,1799,1092,100.8,-9,-0.505,1,111115,"34.8_8_7"
"303",2015,8,7,"34.8","Palomino",8,11:22:31,93.5,12,0.189,267,2.97,1.64,6,1,2.84,26,28.05,25.11,399.19,383.39,18.011,21.504,53.82,64.26,499.7,1799,1014,100.8,-9,-0.505,1,111115,"34.8_8_7"
"304",2015,8,7,"34.8","Palomino",9,11:22:42,104,11.9,0.188,268,2.95,1.64,6,1,2.84,25.99,28.05,25.11,399.17,383.58,18.025,21.494,53.88,64.25,499.7,1799,880,100.8,-9,-0.505,1,111115,"34.8_8_7"
